sq_ft,rooms,age,distance_to_city(km),price
2248,3,92,23,200374
1931,2,22,14,268785
2324,6,33,21.5,315021
2762,3,63,10.3,355111
1883,7,54,25.5,234197
1883,2,70,16.5,171397
2790,6,8,28.4,438704
2384,5,3,3.3,438746
1765,7,65,15.9,243125
2271,3,90,23.2,171466
1768,5,32,18.4,266274
1767,4,31,1.7,288522
2121,7,43,29.2,282430
1043,7,36,9.6,198662
1138,6,90,8.2,134152
1719,6,91,15.1,223512
1494,3,66,16.7,121810
2157,7,59,23.2,296965
1546,6,58,12.4,241859
1294,4,35,13.8,181208
2733,6,48,16.5,393991
1887,7,50,12.4,324604
2034,2,7,27.5,182004
1288,5,49,25.7,66631
1728,7,40,14.2,302338
2055,4,37,1,349603
1425,7,85,27.1,120838
2188,4,77,4.6,278725
1700,7,78,8.1,235766
1854,5,54,5.4,298065
1699,5,67,6.2,289774
2926,4,17,24.3,377732
1993,7,64,17.8,278733
1471,5,63,28.7,113551
2411,3,11,7.7,415714
1390,7,40,15.1,248058
2104,5,41,29.3,209266
1020,2,59,25,9753
1336,2,49,22.1,87386
2098,3,80,6.5,241236
2369,5,82,23.3,272004
2086,2,35,11.1,246100
1942,7,47,16.4,272180
1849,6,70,18.7,235612
1261,5,72,18.7,122110
1640,3,7,22.1,188645
1770,5,24,20.2,225212
2529,4,6,3,425868
2172,4,7,14.3,350025
1118,2,87,20.3,28311
2162,4,80,9.6,257252
1807,3,75,10.1,166712
1662,2,30,4.6,217880
2306,3,11,13.1,332323
2515,7,56,29.6,300596
2466,3,65,9.3,304282
1580,4,11,16.4,212217
1845,7,26,22.6,276586
2166,4,45,1.4,368580
2488,3,6,27.1,291594
1760,4,60,12.2,224251
1907,4,57,26.2,173557
1447,4,57,2.1,219390
1402,5,12,5.2,290048
2406,7,52,10.4,412021
2678,7,99,11,428532
1964,7,64,25.6,254880
2502,3,48,1.3,370673
2181,6,34,19.6,297068
1677,3,93,4.8,213635
2181,7,94,24.9,232439
2769,2,16,23.6,337654
1982,4,71,15.5,213626
2782,4,66,7.2,402492
690,6,9,19.4,96322
2411,2,33,5.5,356583
2044,5,85,6.5,264302
1850,3,3,19.2,244164
2046,5,95,29.7,159197
1006,2,28,26.8,30765
1890,6,45,18.2,259608
2179,2,74,16.6,201310
2739,6,45,30,339172
1741,5,76,16.9,180714
1596,5,58,13.2,195286
1749,2,60,27.4,98312
2458,2,67,7.8,294749
2164,4,65,3.8,300407
1735,6,33,19.4,268809
2257,4,85,3.8,307907
2049,3,4,11.8,299641
2484,3,8,13.3,331679
1649,2,19,16.9,225386
1836,5,20,29.8,255176
1804,3,16,7.4,261942
1268,3,11,11.9,204273
2148,4,91,4.8,285198
2131,4,81,18.6,257551
2003,3,66,22.1,190596
1883,2,4,15,245500
1292,4,59,8.1,124216
1790,3,52,19,163851
1829,5,51,16.6,240529
1599,4,77,6,216981
1919,3,47,12.8,212783
2202,6,89,13.6,278625
2943,4,18,29.5,367053
2087,6,16,25.6,261283
2129,4,53,22.3,237507
1963,4,67,26.8,198303
1041,7,34,22.3,158156
1987,7,87,27.2,221728
2030,6,40,2.6,331204
3232,2,12,14.2,425175
1904,3,32,22.7,241357
2151,2,14,17.9,247055
1983,2,62,6.1,270287
1416,7,14,10.9,271761
2571,3,30,10.2,359078
2376,7,27,8.6,436811
2396,7,9,11,437587
1545,7,56,15.9,243772
2701,5,70,25.8,289886
1299,2,32,22.5,67541
2293,2,6,25.2,234186
3095,2,4,26.6,356515
1505,5,89,13.1,166782
1717,4,79,11,224099
2050,6,56,2.7,359865
1748,6,71,28,181010
1225,5,85,2.9,186988
2034,2,97,22.5,113369
1469,6,39,12,241847
2237,5,27,28.5,268562
1540,7,35,13.2,285399
2775,3,55,24.7,276465
1608,6,46,9.2,228463
1839,3,70,9.7,221003
2407,2,39,18.3,277740
1385,6,58,29.9,116390
2114,5,42,16,295572
2654,4,91,28.2,263846
1196,6,65,23.8,106256
2092,6,8,24.1,299874
2130,6,5,13.6,367858
2391,6,64,12.2,329192
1382,5,2,6.6,269362
1340,5,73,29,81919
2261,4,36,28.8,271774
2148,5,86,22.7,216987
2125,5,32,9.6,342831
2173,2,8,8.1,335805
1660,2,52,29.7,71900
2116,3,76,2.9,314285
2147,4,91,25.5,218941
1643,2,50,11.3,179304
2933,4,70,13.1,373408
2237,4,25,25.1,297443
1404,6,15,3.6,313427
2328,7,39,11.3,395526
1513,7,89,28.6,163392
2394,7,50,21.3,369087
2579,4,38,22.9,307703
1590,6,54,23,194585
2482,3,95,2.8,335006
2206,3,35,6.9,322068
2411,7,64,15.2,333604
2948,3,84,11.7,341112
1877,6,76,12.9,233848
1623,7,89,23.7,186018
1555,6,44,1.4,278471
1592,3,8,20.2,193891
1961,7,36,1,429839
2171,6,86,2.8,373998
2138,5,0,12.8,319802
2414,5,65,25.4,244527
2007,6,62,5.2,317420
2727,6,42,17.1,378214
1868,2,27,20.7,156691
3360,2,99,7.7,406514
2313,4,30,15.9,331739
1571,7,68,27.4,189640
1465,4,88,15.9,122920
2241,4,7,5.6,375936
1888,3,33,19.2,221321
2357,5,48,18.2,312511
2237,3,95,1.8,307797
1964,7,57,3.6,368009
1577,6,74,5.5,247231
1243,2,46,5,118492
1777,7,24,8.5,369869
2428,6,2,14.2,397663
2107,7,44,11.8,360309
1377,6,51,26.8,103094
2087,2,95,18.8,164006
2193,6,98,26.4,220863
1558,4,95,16.3,140262
2077,7,33,3.6,460774
2029,2,68,14.4,191567
1429,6,91,24.8,135496
2179,4,91,6.6,293154
2280,4,7,3.6,383260
2542,5,26,10.6,418574
2527,4,79,12.3,315359
1311,3,62,9.9,162772
1531,2,81,4.9,203272
2258,2,24,8.3,316272
2257,2,57,20.8,211980
2258,6,47,12.2,371700
3926,7,0,19.3,660168
2285,6,7,16.6,355388
2568,3,20,16.9,331496
2477,7,97,8.2,387019
2326,4,87,16.1,258590
1842,6,89,1.7,279847
2379,7,77,13.5,363134
1614,4,28,17.6,219438
1882,7,29,6.3,355162
1757,4,2,8.4,300624
2041,7,6,7.4,391777
3157,6,99,3,457464
1066,6,10,11.1,204575
2343,3,31,29.4,234998
1194,5,58,11.3,135232
1764,2,11,14.4,213347
2544,6,78,19.9,325730
2032,6,37,19.8,312682
1461,4,23,28.5,127183
1642,5,64,25.9,128087
2340,6,17,24,329654
1635,7,45,28.6,185905
2108,5,55,7.7,333817
2023,2,62,18.9,180187
1674,7,6,26.7,197275
3072,4,65,19.1,454128
2317,3,39,29.3,224665
987,7,53,3.9,217347
2093,2,30,13.7,224453
1669,7,96,29.3,118357
2426,5,51,12,351056
1604,5,93,22.4,142049
1943,2,30,1.9,306029
2252,5,33,21.2,303871
2433,7,6,28.1,334692
1400,3,88,12.1,71396
1833,7,15,1.6,389819
1763,3,21,1.8,283653
1673,5,99,26.9,92405
2883,7,52,22,427205
2202,5,90,4.1,288393
1370,3,16,2.6,248857
2459,5,3,24.3,315937
3061,6,60,24.5,399414
2516,4,98,4.5,355639
1240,7,85,9.7,185568
1758,6,51,23.6,248377
2633,5,34,16.2,418191
1646,5,43,28.7,164963
2222,4,14,15,335360
2387,5,60,20.6,316153
1537,4,43,15.8,199450
1970,7,20,28.3,282550
500,3,76,12.6,-14287
1488,4,46,7.7,185103
1874,4,74,10.5,206894
1376,6,48,25.7,197411
2816,5,52,15.4,399679
1285,7,26,11.3,245459
1780,3,30,16.8,238346
2065,2,43,4.9,267498
2721,4,31,1.2,462981
1282,2,29,9.1,159169
2582,5,17,18.5,386712
2005,4,62,21.6,203846
1509,2,15,25,107234
2231,6,34,27.9,264834
2100,2,61,13,213496
1700,6,8,22.5,254549
2035,3,61,3.2,257285
1807,5,38,2.7,294811
2057,7,50,4.6,378129
2331,2,9,14,308064
2793,4,51,7.1,416120
1381,5,11,9.3,248659
3067,2,71,19.8,380414
1024,4,61,11.4,118142
1924,4,2,17.2,273216
2294,7,82,13,339348
2140,7,10,5.9,441973
1689,4,7,3.1,309572
1896,7,89,7.9,309832
1753,4,22,2.7,315579
1705,2,9,18.9,186291
2425,3,17,24.1,288559
2179,7,75,10.9,369492
1654,6,38,12.2,273762
2450,6,25,24.7,319402
2154,6,10,7.5,389378
2406,3,9,4.5,347401
2315,4,2,15.5,350308
1586,4,61,19.7,184369
1720,5,70,18.4,169208
2374,6,60,21.7,310530
2305,6,3,2.6,469257
1990,4,60,13.4,273166
2059,6,7,7.9,407803
2639,4,12,23,311387
1704,4,11,26.3,203185
2274,7,34,9.2,371127
1899,4,53,3.8,273062
1891,2,50,8.3,248349
2549,2,42,4,363488
2413,2,99,10.4,265682
2407,2,65,16.6,234392
2653,3,14,29.2,327199
2011,5,48,12.6,304433
2341,5,33,7.4,399027
1845,4,38,5.8,267940
2162,6,25,6,412650
1935,2,68,6.6,222989
2048,5,47,23.1,232521
2298,5,88,2.8,355297
1591,2,50,29.9,90674
3046,3,97,16.2,322203
1497,3,3,16.8,238755
1393,5,97,11.4,191376
2579,3,26,21,327872
2396,7,41,14.7,393622
2312,2,55,10.5,285691
2314,5,92,8.7,280681
1994,2,68,27.8,134118
1551,3,17,9.4,230503
2038,2,60,13.7,205888
1661,3,3,11.2,244226
2488,3,0,3.5,368012
1926,2,49,6.4,226065
1587,3,83,6.5,201046
1839,7,69,21.1,275941
2206,4,19,12.8,309147
1718,2,19,23.7,163992
1589,4,45,21.6,187503
2122,2,26,6.6,289025
2122,3,25,17.3,280275
1747,3,31,22.5,177582
1764,5,9,19.4,282689
2116,7,81,18.4,258752
1276,5,11,22.4,146059
1296,4,73,2.6,193798
1641,3,87,22.2,109985
1893,5,23,8.9,315330
2155,3,50,17.6,256913
2738,2,37,8,354905
2429,5,45,25.3,265307
1920,4,88,14.9,195321
1990,5,7,19.6,285582
1499,3,54,24,104993
1991,6,77,27,232172
1856,6,30,22.2,272610
2161,7,87,5.3,361297
1586,3,15,25.8,158490
2260,2,19,18.9,256573
2766,5,37,18.7,367506
1946,6,14,27.7,235305
2201,2,77,8.2,238158
2345,3,75,7.9,296162
1799,2,33,15.9,174396
2112,3,71,22.8,195322
2006,7,18,14,349206
2049,5,68,19.4,234465
1613,2,90,14.1,144639
2012,5,62,18.7,197120
2249,2,76,24.8,169447
2726,3,31,6.2,359618
2480,3,94,21.2,236887
3077,2,36,23.8,361556
1616,7,65,14,220596
2436,3,6,10.4,343094
2092,4,47,1.4,305821
3095,4,10,24.1,414928
1596,5,74,10.5,206011
1580,4,86,11.4,168638
1700,4,30,10.7,243965
938,7,43,15.5,140919
1737,7,44,21.4,272343
1620,6,71,23.4,180592
2075,6,55,12.4,290664
2171,7,31,20.2,319471
2938,6,20,21.9,413772
2475,7,30,9.6,461347
1712,6,0,3.8,371946
1551,3,76,26.9,79363
2246,7,10,20.6,397857
1340,5,92,19.8,139047
2916,5,67,2.7,452204
2590,7,35,24.7,361655
1765,4,78,17.4,172487
1143,5,58,25.6,66517
2677,4,66,29.3,303909
1943,5,55,28.8,172502
2619,2,50,25.8,271069
1203,2,28,1.3,199641
1700,7,84,26.7,171519
2003,5,1,3.2,419710
2023,3,5,25.7,198918
1775,4,30,9.1,269026
2311,5,53,18.7,290473
1466,7,87,2.1,281620
1929,4,39,23.4,220572
2060,6,16,4.2,357279
2257,7,4,12.9,434823
2356,5,1,24.7,338551
1438,3,57,21.2,92116
1233,6,11,1.2,281072
2639,7,4,12.7,442388
2166,5,59,2.2,351427
1626,2,40,20.5,144208
2776,5,19,29.1,345146
2058,2,71,20,168653
2590,2,0,7.5,358658
2034,7,55,11.3,340300
3030,5,69,29.3,300453
2878,5,55,7.5,439785
1876,2,53,17.3,145923
2486,4,10,12.6,380812
2323,6,2,23.3,349875
2684,3,94,26.2,245943
1518,5,27,10.9,263455
2343,6,4,20.2,387648
2529,6,89,16.9,293569
1121,4,15,9.1,186556
1408,6,30,8.9,297043
980,5,27,16.6,139338
1865,7,6,5.5,369837
2359,7,8,24.5,361654
2751,6,38,3,471998
2037,5,98,3.7,265315
2814,5,42,10.9,442905
1310,2,26,4.4,200056
1148,4,75,14.8,76580
1972,3,88,12.6,203015
2192,2,92,21.9,155813
1984,3,94,28.6,88330
966,5,97,22.9,5379
1955,7,32,6.2,344977
1348,2,90,28.1,10346
2335,6,55,12.4,344207
2183,6,1,14.8,353554
1530,3,13,13.2,202543
1743,5,12,9.1,318731
1470,7,23,27,209911
1969,3,68,10.6,254162
2478,7,33,17.8,385173
1507,4,86,8,212317
2252,7,18,24.1,346146
1735,6,29,23.5,224194
1604,2,48,9.6,186428
1946,2,42,20.8,161186
1482,2,15,21.4,134171
1723,7,51,17.3,269512
1401,6,97,18.4,153306
2982,7,48,17.7,442855
2018,5,10,3.4,430452
1650,6,77,20.4,184888
2107,6,46,14.6,283363
1944,7,78,13.7,309264
1890,7,34,25.9,271870
2307,2,70,1.7,312328
2379,6,28,8.3,398074
1735,2,53,4.5,232476
1712,5,85,2,294070
1862,4,22,9,296431
849,2,23,29.7,-33374
1242,7,98,8.8,115110
2683,3,9,20.2,359969
2822,4,60,4.4,401501
1875,5,7,18.5,280060
2288,7,47,29.5,272310
2156,4,75,9.5,263409
3539,7,92,25.6,435640
2560,2,28,29.9,232823
1936,7,86,18.1,269591
1522,5,25,10,264944
1197,3,36,20.5,76695
2102,2,95,25.5,111322
1622,2,51,6,210010
1289,5,37,14.1,206766
1677,5,5,10.3,315968
1459,4,7,9.2,225739
2844,3,16,26,360503
2441,7,75,13.2,329458
1996,4,61,10.8,260178
2740,7,85,18.5,383227
2039,7,77,7.4,290413
1569,7,33,7.7,345926
2762,4,18,16.1,422326
2269,2,69,12.9,260014
1481,5,81,9.6,174134
1905,2,99,2.6,212540
1562,3,36,16.1,193625
1309,4,37,24.7,93428
2463,3,14,25.7,283404
2955,5,39,7.8,483275
1301,5,8,18.4,165268
2281,6,52,25.8,287768
1675,3,69,12.9,142841
1756,2,65,28,79429
1704,3,79,27.2,90547
1568,4,51,7,239292
2024,5,0,8.5,347073
1585,5,29,6.2,280026
2135,3,96,6.7,237112
1975,3,0,27.3,208980
1881,7,38,28,269077
1546,3,15,2.5,241403
1712,7,16,18.2,304853
2378,4,81,17.4,268819
2250,4,21,12.3,323428
1511,2,85,19.3,60737
2050,3,98,28.5,104157
2376,2,30,5.9,321894
1165,6,39,4.5,230334
2272,4,26,2,396981
1669,5,35,11.6,251543
2285,7,3,10.8,421173
1618,6,68,13.5,225607
1098,5,24,15.6,172189
1186,6,94,23,101946
2024,2,77,12.4,177011
2130,2,29,10.6,271899
1548,7,46,25,225827
2319,4,11,25.6,262352
1169,7,26,7.8,252121
1967,5,44,10.1,297000
1394,6,87,24.9,106198
1674,7,62,3.3,344414
2024,3,54,10.4,258044
1570,3,29,14,226681
1808,4,81,6.4,238145
2503,7,13,6.2,480590
1712,5,55,13.3,223584
2418,3,18,22.9,278949
1435,4,85,25.4,91625
2265,7,25,29.4,316300
2721,4,70,3.1,414350
764,5,91,7.3,94741
1602,3,37,22.9,121793
2289,3,68,16.7,235766
1898,3,35,10.5,274257
2186,2,17,7,276856
1698,3,56,9.1,218884
2043,6,77,13.4,280010
1922,2,22,6.1,292629
2584,7,13,29,378103
2127,2,95,4.1,230202
2169,2,68,29.6,135224
1794,2,21,25.4,150579
1756,4,27,13.3,261674
1784,6,42,22.5,187240
2197,5,75,20.5,255362
1790,3,17,7.2,257839
2145,2,99,10.8,212385
3038,5,94,15.9,389142
2436,4,76,19.5,238600
1837,5,83,16.7,204291
2601,2,35,14.7,324619
1796,7,6,13.9,335896
981,6,22,15.4,165448
1496,5,33,13.6,198995
1065,2,95,16.7,-175
1824,2,20,26.8,132318
2009,3,69,19.4,206702
2838,7,79,22,374641
2163,3,98,18.3,193849
1890,7,46,19.6,245220
2415,6,52,17.8,340673
894,3,83,1.8,114942
2118,6,40,30,210893
2385,4,74,2,343233
1261,4,31,12.5,144403
2572,7,13,4,484134
2169,7,87,3.8,341313
1792,3,94,24,122410
2316,4,16,13.4,348084
3135,5,24,24.2,450967
2091,5,63,8.9,305004
2124,5,72,8.4,311199
1770,4,85,8.3,207965
1575,5,47,18.9,172859
2415,6,34,24.6,341796
1572,2,36,14.1,194081
2036,7,54,12,345489
1761,3,16,29.2,164631
2239,6,27,4.4,387512
2167,5,0,15.1,372295
2519,2,52,12.8,313175
1745,3,72,3.8,271018
1865,6,54,8.8,278782
1511,3,60,1.8,234720
1778,7,12,26.4,273502
2189,4,46,18.6,262319
2378,5,63,24.6,297873
1539,6,31,16.1,247259
2435,6,27,18.4,347554
2678,2,52,21.3,280682
2207,2,30,27.3,185369
2938,2,7,3.7,446085
1613,3,71,10.6,192055
1378,5,97,21.6,121628
1111,3,86,28.8,1059
2748,5,73,29.4,276985
2327,6,24,19.5,355185
1972,3,32,6.6,305227
2140,3,67,4.5,252270
1437,3,6,28.4,129742
3223,4,96,13.6,395708
2065,7,65,6.6,370517
2055,5,45,28.1,230504
2363,5,95,4,348964
2241,3,4,22.2,271650
2112,4,16,19.1,285161
1605,3,75,3.5,226867
2236,5,51,10.8,328944
2941,7,11,5.3,546905
2673,7,61,18.5,356535
2797,6,34,14.8,429937
1744,4,61,1.1,234799
1505,7,20,29.3,188979
1937,4,84,11.1,232147
2028,3,65,8.5,272080
2547,6,52,7.5,392827
1154,5,20,5.6,232511
2765,7,14,30,420211
1921,7,74,9.6,293544
1787,2,73,12.8,140243
1494,5,81,26.3,117542
1173,7,22,19.6,171972
2412,7,30,11.7,396897
2037,5,53,27.1,235708
1355,6,54,22.7,193081
1352,4,25,7.6,199810
1832,5,52,19.7,209726
2835,4,65,27.7,292631
1870,6,38,15.4,274588
1248,6,6,22.3,228556
1877,3,87,29.2,98148
1864,2,38,21,168681
652,6,31,4,199203
1973,6,25,8.1,362000
1885,4,86,18.3,205109
2348,6,77,9,332138
2924,5,28,28.8,356225
2563,3,24,12.8,335922
1866,3,55,14.3,229560
1447,5,30,21.3,204783
3287,7,65,16.2,474990
2030,6,1,12.1,355745
2007,2,86,3.2,232522
1988,6,46,18.3,249762
2099,3,74,26.2,156581
1928,2,28,20.9,212203
1713,7,98,12.1,221150
1727,4,48,4.7,269325
1984,4,72,24.7,156014
1728,6,31,28.3,203810
1644,6,29,12.3,264971
2053,2,14,22.1,198896
1873,2,61,12.9,211124
2752,7,77,15.6,414903
675,6,16,25.3,59497
2546,3,21,3.4,399443
2623,4,29,16.4,363444
963,7,80,7.2,132081
1829,2,15,10.9,217085
1814,3,51,19.7,208425
1296,6,7,1.8,277186
1611,5,63,18.2,212723
1445,2,38,9.2,145699
2876,7,30,20.4,452522
2468,5,11,5.1,427421
2636,3,32,22.3,308259
2361,4,57,19.7,315626
1435,3,11,29.2,93407
1738,4,24,27.4,191428
2245,3,37,9.2,324694
1389,2,47,1.8,259471
2356,2,81,20,190904
1880,7,82,18.5,235037
1813,5,54,1.8,325230
2355,3,2,4.6,384528
2222,3,98,18,196277
1820,5,68,27.4,186863
2580,6,34,27.3,331176
1459,7,50,5.4,264118
2308,3,26,12.2,333956
2297,7,36,2.3,444724
1845,3,84,14.6,173483
2163,3,15,22.8,248057
1374,6,91,23.9,97322
2462,2,24,15.5,322450
1908,7,32,3.8,368029
1739,5,61,12.1,224101
2525,7,16,28,336810
1648,6,42,7.7,294723
1296,4,29,10.3,183829
1222,4,40,22.7,69709
2303,6,3,22.3,327016
1360,6,65,27.5,117027
2877,2,59,12.3,347222
959,7,8,15.9,191368
2848,7,30,14.6,456807
2106,4,88,27.9,138785
1952,5,99,23.3,159703
1728,7,68,25.1,229248
2200,3,23,4.9,363361
1981,3,23,24,225919
2552,2,92,13.6,272756
2057,2,44,1.7,314278
2075,4,94,2.7,261144
1818,5,36,20.7,234091
1972,5,57,11.8,257382
2154,6,82,26.2,208150
1145,2,22,22.3,85629
1326,7,34,1.6,315678
2372,3,62,20.9,245269
2085,7,5,6.6,447904
1908,3,5,13.3,279162
2009,4,29,19.1,241260
2174,3,0,26.3,232790
1730,7,62,14.2,286746
1611,7,7,24.4,254965
2098,5,27,23.7,282679
1511,5,88,13,120355
2204,2,32,15.5,265870
1149,7,52,21.3,143500
2515,4,37,1.9,382795
2236,3,51,26.8,209024
2128,2,77,23.3,187415
2491,6,10,8.2,487861
2833,6,1,29.5,401483
2507,3,52,6.2,338883
1080,3,93,27.5,-23998
1360,3,93,10.4,138246
1688,5,67,23.1,150545
2013,3,76,14.2,227231
2259,6,6,22.4,346910
1637,3,66,5.5,215643
2093,7,8,8.8,370567
1622,4,77,3.9,219728
1694,6,62,26.1,152527
1297,4,10,9.6,204773
1538,6,36,21.1,227401
1324,2,13,24.8,126313
1512,7,18,27.1,217383
2527,6,7,4.1,460203
1525,7,6,26.9,260070
3316,6,58,6.7,514155
2247,4,62,22.4,220434
2092,4,6,22.1,291109
1571,6,54,1.2,304545
2350,6,2,7.4,422681
1712,5,66,15.3,216505
2061,7,17,13.2,375089
3280,7,44,27.6,453887
1952,7,96,11.4,288812
2575,7,91,28.2,284219
1648,2,35,14.3,191169
1983,2,15,29,177896
2885,3,78,22.4,293457
1687,6,28,25.1,214806
2906,6,58,4,475768
2354,6,17,18,337183
1719,6,48,5.1,291390
2316,7,45,9.6,395574
2486,7,82,19.1,308505
2311,2,28,22.1,235935
1215,4,69,2.1,230244
1636,5,49,16.4,191893
1876,7,54,17.4,272789
1963,7,26,3.3,375313
2310,7,6,15.5,400613
2089,4,90,21.7,178522
1332,4,82,2.5,180266
2190,2,80,23,158905
2305,7,40,17.7,378315
2280,5,10,25.2,307799
2540,6,4,7.3,440380
2417,7,65,25.2,328535
2230,2,55,3.7,281562
1965,2,11,12.7,228901
1170,5,41,6.8,200442
2215,3,74,26.4,224344
2104,2,9,21.4,202810
2136,4,27,1.7,338071
1362,4,6,1.3,286913
1459,6,13,9.4,265843
2527,2,76,5.2,329449
1980,6,68,19.3,235889
2341,2,60,20.3,232701
2014,5,50,28.3,245430
2015,7,41,28.6,234294
2469,2,7,20.1,323306
1742,3,49,1.2,280068
2048,4,0,11.4,300369
1769,5,68,15.9,229102
1783,7,10,15.5,321488
1845,7,47,18.5,279150
2111,4,9,28.9,250110
1761,7,14,26.7,249734
2628,6,46,4.2,448792
1553,5,92,8.7,202166
1907,3,24,25.2,211105
1780,4,5,24.9,186952
2723,2,10,9,419412
2098,2,16,22.2,204701
2516,2,14,20.5,316175
1257,5,15,14.7,201511
2134,3,55,6.8,265195
2445,7,65,26.8,318432
2041,3,35,20.7,208975
2533,3,82,5.9,349783
1741,4,37,21.4,182790
2705,5,84,22.5,279293
3149,2,74,26.7,335497
1819,4,2,7.5,317102
1777,7,97,29.7,178562
2727,3,17,5.4,407732
2790,2,78,18.4,250532
1739,5,88,20.1,205999
1790,6,53,13.1,269609
1859,3,78,14.8,196813
1328,3,93,26.8,45116
1541,3,16,19.7,169829
1498,3,81,15.4,131149
1616,2,94,4.7,196684
1983,5,81,1.2,309686
2117,4,98,4.6,295288
2775,2,12,28.7,260816
1501,5,62,23.2,169806
2492,4,13,29,265152
1893,3,58,2,295961
1975,5,35,20.7,265471
2337,3,17,2.3,380270
1439,5,4,23.7,191406
2191,7,13,12,390388
2083,6,24,3.8,373185
2246,3,43,17.5,262448
2145,3,38,9.1,342231
3228,3,11,20.1,458555
1681,7,60,20.1,214314
1735,2,61,21.4,137303
1688,4,52,29.8,134277
1722,3,52,12.2,202422
1681,3,27,14.5,192670
2595,2,34,24.3,282426
2710,2,64,17.8,310596
1715,6,2,2.1,348114
1584,5,42,25.4,207438
2236,3,49,2.5,364329
1724,5,70,6,269778
2316,2,8,4,335034
2101,2,35,3.3,311948
1242,6,22,1.7,281234
2774,4,87,2.6,406347
2898,7,73,13.8,464346
1694,7,49,8.3,299858
1806,7,54,4.7,374531
2143,2,11,20.1,258058
2167,3,82,7.6,259489
2329,6,31,1.5,478631
3005,4,23,13.1,458692
1912,7,85,10,282621
1601,6,66,10.2,244614
1310,2,26,13.9,153692
1635,7,60,20.4,220171
1983,4,18,18.9,267804
2897,5,72,28.2,305345
1741,4,50,16,177406
2112,3,63,14.7,242390
1992,7,76,7.2,329624
2594,7,1,22.9,424142
3263,5,35,5.1,517584
1735,5,92,15.2,165159
1755,7,10,13.2,307894
2522,3,97,20.1,261971
2341,5,67,27.6,232755
2923,2,67,28.5,260405
2292,7,63,5.9,385215
1820,4,0,8.6,297704
2295,4,88,24.5,199748
2554,3,25,16,320580
2410,2,10,14.1,348859
2254,5,86,21.6,257607
2533,7,1,18.5,451678
2585,4,82,29.2,268930
2691,4,92,17.9,254988
2324,4,39,14.5,323956
1916,4,3,16.7,269034
2073,6,79,24.4,252101
2603,3,36,18.8,305821
1592,5,60,19.8,158825
2184,7,90,29.2,203111
1803,7,4,18.9,305779
2014,7,14,12,386313
2639,5,86,21,309765
2096,3,66,20.1,183658
2023,2,81,1.4,298528
1320,3,25,14.6,173239
2373,4,5,22.5,333796
2323,4,43,15.5,333751
3082,3,57,23.6,314395
1846,3,80,14.1,168310
2110,5,45,29.5,240315
2125,5,41,9.5,314020
2789,6,47,3.7,467451
1952,7,26,13.5,337946
2140,6,19,16.7,312831
2304,7,69,11.1,353757
2093,4,34,8,338155
1777,6,75,20.5,223658
2097,6,47,11.9,350134
2537,2,66,19.3,278171
1487,3,67,23.6,106163
2066,5,51,23.1,250161
1650,6,67,11.9,246138
2598,5,3,17.5,386742
1238,7,38,14,196962
1721,6,20,26.3,213022
2189,7,65,26.5,264350
2783,6,15,11,454455
1967,4,6,3.7,359043
1722,2,82,5.9,191098
2941,7,96,11.6,433058
1276,3,8,17.4,163611
901,3,16,20,102769
2220,4,90,10.6,269781
1749,4,96,20.4,164726
1489,3,11,28.2,141767
2354,7,56,19.9,360177
2122,3,44,5.6,338586
1718,2,10,17.8,210175
1360,6,12,16.7,230478
2436,2,30,26.3,246129
2325,3,76,11.2,267568
1950,6,25,13.3,311159
2923,3,62,18.4,362735
1465,2,30,16.2,129429
1237,2,21,21.9,127624
1654,7,5,2.2,369216
1977,7,19,17.3,388113
2122,2,84,4.5,237746
1879,6,9,10.1,347206
2176,7,82,20.2,276431
1374,7,34,5.6,268448
2722,5,25,10,454776
1959,5,70,21.4,194792
2559,7,36,19.9,374909
2171,3,7,3.6,372230
2228,6,4,17.7,376452
2285,4,43,5.3,325543
2224,7,99,8.3,344632
2321,5,91,14.3,288197
2665,6,66,4.2,414477
2098,6,71,29.8,198883
2355,5,78,5.8,305528
1955,6,90,23.7,239328
2720,6,48,25.1,374991
1662,5,35,29.8,139290
2900,2,79,13.4,344894
1980,7,25,26.3,268764
1285,3,44,28.8,83145
2064,4,60,6,289617
1659,3,43,14.9,184136
2420,2,3,2.7,380580
1674,2,75,19,107901
1777,6,80,17.9,245218
1055,3,57,6.9,144657
1774,2,25,24.1,162580
788,3,94,2.1,94296
1208,2,78,24.4,-11237
2380,4,97,1.8,306598
2393,2,28,20,280186
2213,3,8,3.3,382198
1517,6,77,8.3,234637
1976,3,35,21.9,174090
1998,5,3,9.1,329824
1421,3,58,15.8,144334
2752,4,36,27.5,367573
2439,7,87,2.4,430963
1890,4,80,24.5,192367
2013,4,12,2.9,362347
2104,2,19,4.7,319893
979,4,16,4.5,167899
1876,3,50,29.8,161353
1659,7,90,6.2,266261
1499,6,54,27,169703
1859,4,32,29.7,178846
2899,3,20,12.1,419760
2320,2,80,19.3,209807
1714,2,21,23.6,162686
2286,6,24,12.4,397012
2700,6,66,5.7,405164
2462,3,90,13.6,241593
2030,6,90,23.4,226066
1677,6,11,23.6,271081
2349,2,14,7.7,373794
2197,3,83,6.1,251653
2448,7,85,27.7,275601
2318,6,1,2.3,425674
2525,3,3,22.3,313167
1732,4,44,2.3,306583
2659,2,12,25.3,300051
2099,7,54,27.3,257057
3038,2,31,9.6,427421
1655,2,21,3.1,235689
2868,5,88,14.9,399358
2099,3,90,9.7,236712
1674,4,54,13.1,203623
1758,6,16,20.3,278023
1840,4,69,7.1,270335
2212,3,50,11.4,316974
2261,2,79,23.7,177542
1713,5,7,19.7,273348
1988,3,60,10.5,247888
3071,7,96,20.3,391119
2864,7,9,23.2,429059
2218,3,97,18.2,182874
2019,6,18,7.9,350289
2060,4,13,1,393281
2307,4,66,24.3,252735
1489,6,54,24.9,140184
1871,5,60,21.2,179616
1166,2,55,3.2,121506
2200,2,62,18,202550
2324,7,86,24.8,272426
1758,5,10,12.3,315716
2787,6,46,6.7,447385
1387,3,5,18,206472
1268,4,33,25,78753
2112,3,64,2.4,293775
2524,4,98,18.3,284685
2842,3,88,19.7,316978
1771,6,63,18.5,223526
2539,6,92,19.9,329681
1981,5,86,19.3,230806
1914,3,81,4.8,228502
2442,3,77,7.8,316507
2326,5,80,19,288242
1212,5,65,1.5,196994
2738,6,30,19.4,437589
2690,6,82,20.3,323319
1687,7,95,7.9,261284
2198,3,61,18.3,211960
2247,6,53,16.5,323676
2130,6,91,8.6,284409
1725,3,7,14.4,233713
1664,5,41,27.4,140001
1987,3,40,13.4,267222
2586,2,58,19.3,280753
2272,3,39,2,373392
1815,2,21,3.3,267967
2386,3,23,3.4,400765
576,2,37,23.6,-27700
2574,2,1,11.2,371634
1130,3,40,7.6,193799
1819,7,18,22.7,271761
1440,6,1,5.9,329930
1353,4,91,8.1,160751
2580,6,95,13.5,333139
1766,2,61,10.6,164550
2173,3,82,18,193444
1977,3,15,10.8,310108
2239,3,93,12.4,275488
2038,3,21,26,216472
1359,7,13,26.7,200396
2498,4,55,25,290231
1753,5,64,26.1,170034
1222,2,44,17.5,113640
1786,4,53,19.7,202020
2750,6,65,17.2,384478
2425,5,85,23.8,245872
1826,5,45,17,225051
1825,3,32,4.2,217518
1839,4,78,24.5,180171
3038,6,49,23.1,408539
2191,3,21,24.8,235694
2215,3,39,6.5,281607
2515,7,38,8.9,422085
2119,2,40,9.6,254591
1870,5,74,15.7,212005
1902,6,67,4.9,320518
1964,5,6,12.2,330195
1981,4,84,6.3,234569
2364,2,70,8.7,255225
2026,3,3,21.5,227476
2366,2,75,25.8,227211
1960,3,90,1.7,285479
2039,2,58,17.4,183797
1001,3,80,2,80374
2458,5,83,3.5,370924
2173,5,94,21.4,225688
2499,5,25,22.3,344526
552,5,30,24.6,44581
3044,2,98,14.8,333897
1930,3,72,25.9,125530
2554,5,68,5.8,391803
1480,2,51,8.2,186875
2306,3,71,4.9,295975
1473,2,20,24.1,126350
1688,7,15,7.6,329004
2957,5,50,5.5,505927
1905,4,15,19.1,228811
2109,2,17,3.2,346250
2435,5,46,2.3,374328
2248,6,55,4.1,417563
2075,3,27,1,316416
2182,7,81,21.2,284102
3202,5,77,17.3,384148
1971,6,55,7.1,298247
2101,2,36,7.8,298252
2525,2,15,24.5,301772
2553,6,84,15.6,345938
2594,7,64,21.3,373562
2319,6,59,14.1,359153
1428,3,60,7.9,161122
2817,2,10,29.1,278820
1427,6,74,17.4,172731
2151,4,65,4.8,302161
1623,4,31,12.8,236319
1968,6,18,10.6,355396
2164,3,55,7.2,279981
2161,2,4,28.1,233835
2211,4,2,26.5,289993
2807,6,27,6.8,494618
2227,6,89,11.2,300798
1878,5,86,23.1,195751
2482,6,93,7,374473
2595,3,71,18.2,300237
1386,4,99,21.3,116015
2299,5,28,20,323535
2351,4,76,21.5,237019
1851,4,58,21.5,170002
2688,3,24,29,316840
1925,6,21,11,339650
2063,3,96,26.5,174423
1913,6,70,1.6,288267
2008,5,22,9.4,350592
1452,3,69,2.4,191502
1280,3,78,19.9,67501
2797,7,78,3.9,446677
1577,2,39,25.5,127842
1504,3,97,19.8,102161
923,7,13,1.8,233470
1681,2,28,21.7,158734
1338,6,15,26,189895
2821,6,92,20.2,353849
2505,6,86,1.9,422467
1656,7,9,25.9,244190
3126,7,46,22.2,406638
2491,2,3,12,354491
1838,6,11,10.5,335599
750,4,41,14.9,83194
3145,3,97,26.1,326231
1305,7,3,8.3,252184
1177,7,83,3.9,209186
2511,7,91,26.1,276867
3220,2,91,1.8,399009
2692,6,5,27.4,380280
2282,4,13,9.9,373997
2297,3,34,15.7,297933
2427,3,46,4.8,340073
2379,6,57,27.2,281183
2141,4,64,22.7,241961
2052,2,18,27.8,204475
1969,7,56,20.8,264182
1623,7,64,6.4,275322
1860,6,12,9.9,302921
1154,3,7,15.1,141847
1951,7,17,18.6,287856
1506,3,34,27.9,153860
1448,3,86,12.1,113455
2090,6,25,21.4,323726
2696,5,37,28.9,359416
2459,5,83,5.4,363104
1215,5,65,26,85119
1505,4,25,13.2,188328
2470,6,56,22.2,313265
1509,3,99,9.5,171830
1888,7,24,10.7,352750
2275,4,29,1.8,383887
1516,5,81,29.2,126763
2053,2,6,24.6,232878
1333,4,26,3.7,232373
1699,4,10,30,179294
2160,6,7,18.5,328894
1204,7,10,25.8,170514
2220,4,87,2.9,307244
1990,7,29,12.3,359206
2276,6,93,20.4,241390
2112,2,14,4.1,323885
2682,3,55,15.2,323622
2063,3,34,13.8,248185
1785,5,38,7.3,285779
2061,5,23,9.7,291205
2272,2,7,29,213363
2024,3,42,9.4,252821
2020,5,41,7.2,320499
1649,7,83,16.6,176004
1669,4,40,20.5,191811
1299,6,46,22,176855
2875,5,25,22.9,389506
1378,2,51,2.1,195345
1654,3,87,12.4,148682
1641,2,21,23.4,116803
2447,6,4,27.2,346950
1853,6,14,18.5,305167
2624,2,35,2.5,359508
1663,5,62,12.5,215670
2139,5,92,3.2,308219
1582,3,78,22.7,162839
3073,7,90,2.8,501145
1406,3,48,6.4,152888
2155,4,54,13.1,240721
2317,7,71,14.4,359059
2207,4,59,12.8,337796
1907,3,56,14.4,212291
1935,7,28,21.7,287027
2022,7,18,11.7,375357
1926,4,94,16.9,174585
2482,2,72,9.8,240419
3105,5,9,11.3,521259
1721,7,9,18.8,282924
1315,7,96,15.2,186145
1956,4,88,22,160319
3290,7,56,17.3,493636
1598,4,53,24.3,162303
2820,2,55,13.9,360047
2839,7,67,15.2,427287
1723,6,68,20.4,212000
2284,3,86,7.4,291987
2814,2,54,12.2,356453
1810,6,68,19.1,202140
1898,2,71,1.8,219103
1709,5,80,13.7,165832
1493,2,0,18.4,187390
1675,2,11,29.1,127120
1388,5,34,26.4,158441
2017,7,77,9.1,327923
1615,3,81,15.7,122658
2117,6,73,2.6,348949
1222,4,78,8,136302
2165,3,32,23.5,223277
2417,2,82,4.6,315940
1003,4,97,8.5,141320
2187,5,24,28.4,284492
2614,3,15,24.9,312077
1395,7,7,23.7,249102
2836,6,34,26.1,415340
2210,3,84,22.7,165886
1647,3,82,4.5,227136
1972,7,45,16,326310
2279,4,10,13.9,366222
2038,5,60,10,311849
2269,7,43,25.2,306916
1540,5,10,14.5,289307
2085,7,10,2.7,435751
1293,3,21,9,179415
1944,5,84,7.6,279628
1548,4,90,26.7,107970
1632,4,81,19.8,146852
2618,6,61,17.3,373315
2546,5,47,15.7,358151
2305,6,93,19.9,260217
1454,7,62,22.9,165183
1842,2,50,17.1,152827
2607,4,44,28.2,316291
2071,3,32,29.3,187519
3160,4,84,29.9,252074
2197,2,59,20.4,216368
2096,3,1,28,240690
1845,5,12,12.7,263835
2067,5,65,25.9,198727
1924,4,56,27.4,158209
2354,3,42,27.2,220162
2478,7,44,25.1,366535
1607,3,30,12.8,204116
1334,6,9,5.6,274571
1082,2,22,10.7,149309
2254,5,85,23.3,246749
1448,4,28,7.8,195660
924,3,96,14.9,15851
2194,5,30,17.4,318600
3246,4,77,18.5,378738
1997,5,73,28.1,226456
2419,4,17,20.2,327228
2041,5,10,23.8,262056
1951,7,46,17.9,274752
2460,6,2,25.2,379612
1855,2,1,8.6,261041
2134,5,53,7.1,339221
2161,2,71,27.9,130781
1666,5,30,21.1,215742
2496,3,7,20.5,312314
1913,6,42,14.6,285812
1622,7,47,11.9,260772
2268,6,1,17.1,394176
1551,2,21,4.5,219313
2014,3,4,14.2,284311
1995,4,6,14.2,300385
2543,6,19,16.6,431629
2237,7,91,19.4,305379
1987,3,76,28.8,154125
2409,3,1,19.9,289210
2695,2,31,26.6,266998
2279,7,89,17.1,330944
2005,3,2,19.2,239453
1344,3,40,3,208166
1467,4,41,4.9,213488
1847,2,76,17.8,132758
1695,2,84,12.5,181524
1907,7,44,24.2,275535
2028,3,86,16.8,214151
2265,4,70,26.6,232470
1965,5,16,29.2,229939
2243,6,91,5.3,325249
2032,2,46,12.5,228544
1012,4,93,20.3,33581
1530,7,68,9.9,287780
1928,4,23,8.7,275747
1395,3,70,24.6,65208
2300,6,33,29.4,266581
2765,2,49,23.4,309737
2609,5,41,16.2,406550
1893,3,32,13.8,249003
2745,2,26,16.6,350376
2074,7,77,14.4,303865
1831,2,58,15.6,187549
1693,4,18,6.9,296957
1849,6,75,27.2,194785
1806,5,2,22.9,264456
2085,6,70,20.7,274548
2080,4,98,28.5,115738
2002,5,24,9.2,330031
2218,5,14,3.4,408106
2595,3,82,25,250831
2475,5,59,30,259028
1258,2,82,17.8,60975
723,6,22,2.7,178530
2467,7,10,23.6,346409
1317,7,58,3.1,283453
1888,6,84,16.7,213153
1415,3,33,9,190790
1099,5,6,27.5,106190
2271,4,43,14.1,338907
2380,2,90,27.1,170067
1712,3,63,9.7,199186
704,5,22,12.2,137462
1727,7,57,28.5,242829
2196,4,19,6.8,364308
1261,5,26,17.8,166651
2092,3,59,12.3,267350
1992,4,7,23.5,223144
2290,4,66,4.7,334627
2060,4,1,13.7,359452
1513,4,21,21.3,182830
2598,5,69,12.8,358881
1921,4,35,2.7,320036
1986,5,23,21.4,259801
1533,4,11,15.6,227331
1778,4,80,1.3,275620
1558,3,21,18.8,172168
1914,5,82,27.7,116831
2856,7,72,4.2,484592
1314,5,75,18.1,174123
1193,6,95,22.1,85801
2736,7,94,3.1,411652
1895,3,80,1.7,269570
1665,5,22,14.5,290388
2520,3,73,23.9,255858
1697,7,62,5.7,338769
2913,3,29,25.3,357512
2339,3,18,20,306778
1756,2,25,10.6,214882
3079,5,89,16,398712
1697,3,10,29,158974
2371,2,19,7.3,338999
2150,2,55,15.5,224937
2651,4,44,19.1,342592
2781,4,67,5,379174
2016,7,46,2.3,401324
1623,5,75,1.4,243987
2230,4,88,10.4,269412
1661,7,57,3.1,323060
3007,5,9,24.3,401912
2068,7,21,29.9,240300
1817,2,70,2.8,221051
2092,2,23,13.5,234484
1326,5,65,1.7,239481
1514,7,95,4.9,224630
2600,7,84,10.4,423910
1672,4,60,12.4,208531
1477,4,6,28.3,155397
2268,5,71,12.5,267240
2593,6,37,15.4,397865
2359,4,20,8.1,371708
2498,3,7,1,396704
1622,4,88,27.1,101582
1289,6,27,3.4,261557
2751,7,91,29,312448
1839,2,53,4.8,239344
1875,2,30,18.5,189051
2664,7,99,30,295629
2278,2,88,5,266909
2228,4,40,13.3,317175
3083,2,36,23.6,337640
1678,6,37,1.9,303770
2464,6,50,21,320392
2029,4,75,3.3,321475
2134,7,36,7.9,403968
2764,3,30,5.6,440692
2254,4,61,27.3,246178
2269,2,17,6.2,322880
2536,4,89,2.2,366491
1818,6,5,18,298940
1580,4,8,11,267054
1478,4,10,12.8,222029
1017,3,94,4.5,98119
3028,6,1,22.7,461167
1448,5,28,18.4,207679
1889,5,50,11.6,288709
1862,6,68,6,303234
2154,5,22,18.2,312485
2408,2,99,23.6,188802
2430,5,6,10.1,441169
1708,2,55,1.7,197919
1916,6,76,7.2,275992
2141,5,61,20.8,269719
1876,5,73,29.7,165325
2804,7,99,1.4,459866
2245,2,79,9.9,261781
2367,2,14,2.8,371403
2331,4,52,10.2,315660
2587,3,42,12.8,354729
2091,5,82,27.7,193469
1352,7,84,3.3,233105
2200,3,34,23.5,252099
1674,7,78,12.5,263816
1736,3,13,24.5,189016
2293,5,92,15.9,306876
2619,7,68,2.1,480712
2011,2,48,28.4,171433
2154,4,17,3.4,420493
2851,7,50,18.3,423073
2120,6,0,26.5,296499
3301,5,26,3.3,569767
2283,5,63,17.1,289046
1120,6,59,24.9,104659
2377,3,90,29.6,158765
2191,4,88,22,222693
2645,3,40,9.1,341953
2337,6,20,21.3,342122
1931,6,13,21.5,288973
1388,4,19,21.3,153962
1895,6,91,25.8,149311
1575,6,84,3.5,219248
1710,7,86,4.1,274816
2294,4,10,19.6,327035
2835,5,65,28.7,322709
2197,3,83,14.5,233725
1402,5,23,28.9,125335
2222,5,88,28.2,211145
2598,7,36,27.2,321845
1695,3,85,27.4,44407
1933,5,23,27.1,226831
2007,4,14,24.8,232297
1608,3,11,21.2,204624
2324,2,94,1.7,289242
1940,7,63,4.8,376767
2210,5,30,4.9,366037
1556,6,52,1.7,302760
1781,3,93,4.4,207223
2361,2,83,27.7,200450
1814,6,71,20.3,215705
2863,2,43,10.1,393360
1800,5,29,24,199438
2112,6,34,15.2,318734
2466,5,20,5.1,422655
1291,6,62,26.7,143638
1120,3,91,10.8,38890
1237,4,16,21.3,136588
2631,4,11,9.4,409228
1724,2,17,15.5,162561
3279,7,91,24.7,408228
1718,6,59,5.5,260135
2092,5,66,29.3,154527
2771,7,14,3,521231
3003,3,15,16.5,407103
3031,3,21,27.6,350890
2604,3,94,28.4,219559
2512,4,62,7.7,338561
2296,5,30,5.2,424379
2389,3,0,22,307673
1724,3,74,2.2,259304
1591,2,5,15.1,164677
1998,6,86,24.1,196585
1915,6,8,17.2,326726
1773,6,51,6.5,298215
2348,7,79,15.1,316144
2478,2,61,27.7,175290
2044,4,57,18.9,249799
2739,7,18,21.9,436231
1429,2,12,10.8,193481
1903,3,31,6.5,272227
1642,5,99,8.4,182908
1067,7,8,16.5,208639
1959,7,48,9.1,313861
1939,3,36,16.7,216252
2757,3,30,21.5,361104
2315,5,30,22.3,268807
1488,6,58,5.8,269857
2927,7,54,22.8,441128
2611,2,18,20.5,327363
2291,4,62,1.3,362881
1887,3,1,2.7,319206
1520,3,44,19.7,132418
1814,4,95,12.1,151485
2544,2,42,5.2,354211
2942,3,97,2.3,384862
2772,4,0,5.6,453670
1756,3,84,28.8,95095
1440,6,60,22.1,166779
2070,6,2,16.3,334338
1116,3,90,28.3,28105
2162,3,43,19,261079
1926,6,6,22,310637
1767,3,32,9.2,244997
1203,2,8,18.1,132220
2257,2,29,5.2,305802
1734,5,17,12.7,292723
1415,2,55,2,183348
564,7,89,7.3,78730
1986,7,83,3.2,338625
2886,7,30,12.2,475850
2831,3,71,25.4,332816
1771,3,62,12,212625
1699,4,86,25.1,154841
2234,7,49,20,348592
1501,7,88,15.8,198995
2151,2,0,7.9,314411
2383,6,81,27.7,222939
2613,6,18,2.6,463742
1950,5,63,21,237851
1898,4,52,19,211602
1561,6,5,13.8,287717
1587,5,16,8,241532
1887,2,45,13.5,219633
2184,4,71,26.3,226930
2457,4,72,25.3,214673
1598,7,54,28.3,191693
2746,3,90,9.9,359192
1864,7,99,12.2,293137
1989,2,5,1.5,315612
1626,7,69,28.3,188830
788,4,67,10.6,107016
2442,7,85,12.7,365727
2368,5,39,27.3,305333
1859,7,90,16.3,246826
2033,6,65,17.4,280815
2258,2,8,6.1,327709
1219,2,10,15.5,132211
1735,4,19,27.6,191855
2397,7,42,17.2,357623
1373,4,57,8.4,182465
2147,4,77,1.9,330713
1322,5,25,10.8,260544
2233,3,37,17.6,228968
1982,4,93,2.2,312679
1192,3,35,18.7,105248
2582,3,98,16.2,287758
1633,2,54,23.7,135529
1595,6,5,1.8,376332
2100,6,2,23.6,300261
2574,7,64,16.1,377115
1492,5,63,11.7,201015
2031,5,57,29,195497
2214,6,57,5.6,393319
2347,7,17,16.7,389954
2088,6,22,10.3,327320
1816,7,95,16.3,223327
1586,7,28,17,233283
2043,7,22,3.6,401924
1464,7,35,20.2,237176
539,2,69,19.4,-58191
2218,2,80,23.3,168109
2452,6,81,3.6,383154
819,7,94,9.6,123492
1495,4,5,19.9,210326
2310,7,33,5,444756
3029,4,43,20.7,433171
2010,2,43,2.7,287471
1636,7,26,10.7,320551
1909,3,99,25.6,87759
2687,6,51,23.5,347260
1677,7,41,19.7,246654
1600,5,24,26.2,164498
1759,4,73,21.6,152230
1523,7,38,16.1,248041
2061,3,38,29.4,174048
2812,4,11,21.2,437133
2162,3,10,18.4,292278
1874,6,2,12.9,374808
1854,6,21,27.2,271117
1218,6,3,9.6,239098
2442,2,7,1.3,393648
1961,3,13,6.7,298938
1910,7,83,4.2,319348
3597,5,87,10.3,481700
2149,5,13,25,275823
1624,6,91,19.9,180334
1787,5,15,5.9,330183
2574,4,31,23.9,320822
2057,3,63,15.6,226190
1281,3,75,15.9,115000
2460,3,15,11.5,351295
1666,4,51,26.1,176351
2937,7,18,10.2,474388
2540,2,68,3.7,347490
1776,4,11,9.8,296323
2641,3,92,21.7,241859
2034,3,4,20.1,253635
2426,3,41,6.5,359991
2242,7,16,4.2,457465
1577,5,71,20.2,129708
1678,2,93,20.6,108224
2515,4,9,11.6,381002
1833,3,83,25.4,147191
1798,6,15,29.4,191101
1522,2,15,7,267453
2212,6,41,17.7,304372
3031,2,2,1.2,515513
1466,3,22,21.7,148158
2012,2,85,13,175372
2706,2,27,6.6,391195
1960,3,44,22.8,216537
2226,7,99,24.5,221330
1469,6,67,4.2,266233
2214,7,23,2.2,437935
1906,6,18,10.7,346064
2493,5,74,19.2,304381
2594,6,39,24,338571
3295,6,45,16.8,462776
2290,2,39,17.8,268717
2163,5,61,24.2,255801
2097,3,17,16.3,289142
1823,3,11,18.7,237447
2169,4,13,16,331429
1852,5,81,26.5,192300
2084,2,60,7.8,215956
2659,4,11,8.7,377705
1497,4,26,4.7,289314
2570,3,5,24.8,289847
2659,6,87,12.9,345351
1941,2,32,11.1,237948
939,5,79,29.5,-18514
1696,4,49,27.9,138395
2648,2,11,29.2,261374
1989,3,94,5.1,233985
1500,4,56,26.8,120418
1748,4,52,10.5,230608
2420,7,12,1.4,476330
2273,3,71,12.3,273427
1881,7,2,15.8,362132
1817,3,63,4.1,280855
1804,3,83,16.6,160284
1539,7,57,24.8,226495
2808,2,3,12,415928
1839,2,44,11.2,191052
2609,2,65,10.8,286935
2761,6,35,27.8,348704
2499,4,22,2.4,449695
1784,2,18,13.9,210065
2202,6,39,8.7,330066
1988,4,71,26.9,168006
1548,2,15,3.8,198683
2162,3,57,12.9,241568
1410,5,17,12.8,218843
2594,2,35,26.8,263252
1768,5,23,7.2,326390
2101,2,0,19.7,270460
2142,3,0,4.9,333171
1871,5,63,28.7,166821
2293,6,61,18.2,313542
1763,3,35,19.2,188331
2436,5,74,13.6,318064
1327,5,17,10.9,192966
2063,7,15,7.2,375586
2969,7,16,18.5,468783
1500,3,23,28.7,56699
1661,3,97,11.4,167812
2257,3,67,26.6,171032
2090,4,98,5.3,282633
2175,6,78,28.1,239537
2245,2,1,11.2,308995
2317,7,94,12,353555
2555,5,72,14.4,353979
2205,7,9,21.8,346412
1879,2,52,21.9,152121
2336,3,88,14.9,269847
2950,7,50,16.2,456274
1934,6,68,1.9,353595
1513,6,13,9.8,237008
2554,4,65,11,344828
1940,7,81,17.2,232408
914,3,92,17.2,18581
2424,5,52,21.6,317898
1732,4,83,21.8,182664
1955,3,63,7.8,232341
2166,4,71,23.3,206707
2095,7,48,1.6,396534
2355,2,89,21.8,175875
1782,7,61,4,346111
2257,3,36,22.2,250282
1870,5,48,16.3,253541
2369,5,67,13.7,332412
2308,3,32,21,267572
1532,4,21,2.1,262218
2543,6,69,7.5,393785
1732,3,32,18.9,176295
2404,7,27,25.6,347918
2184,5,87,12.1,300225
2919,2,3,8.5,408844
1888,5,65,16,207376
1825,6,76,19,223551
1990,5,48,13.2,269273
1848,6,10,26.4,255773
2400,3,34,16.2,311505
1192,5,38,2,187709
1473,4,9,7.5,268428
1466,7,73,14.1,193178
2475,4,71,21.2,273656
2855,7,68,7.4,450244
1948,5,22,29.3,212570
1916,5,33,10.2,337027
2035,7,31,16.4,338430
2581,2,15,1.6,422485
1536,5,67,26.7,133158
2119,2,53,23.9,197897
2488,2,27,6.7,361146
2251,7,59,28.1,283352
2095,2,77,10.2,248565
2501,2,75,21.1,237842
648,3,59,24.8,20209
2339,4,84,22.5,253619
1673,2,79,27.6,51104
1085,4,43,26.1,65852
2256,2,1,29.8,236063
2687,4,22,6.3,430436
1931,5,92,9.8,262238
2476,5,45,19.5,345153
2806,4,72,22.3,290437
2657,2,53,16.5,328722
2820,3,70,3.1,387341
2371,4,92,25.4,204710
2038,6,80,28.9,189348
1199,3,8,12.8,184224
1877,6,69,7.5,289606
1578,4,43,1.6,252685
3085,2,83,7.9,371933
1912,6,73,21.3,191427
2062,4,72,27.4,163217
2276,3,11,3.7,347010
2022,2,96,17,156664
2848,6,31,21.2,423561
1689,4,33,9,266304
2097,2,82,17.5,210095
1629,2,32,21.7,164283
1340,5,63,25.3,100957
1694,2,47,14.1,176886
1981,4,15,22.7,248132
1785,3,49,9.8,187023
1654,7,22,7.2,305831
1297,5,25,6.4,234020
1958,4,53,11.4,260273
1248,4,43,2,224190
2380,4,36,9.2,364243
2041,6,8,19.9,283197
1271,6,93,19.8,129107
1845,3,12,3.1,312716
1624,4,59,9.3,230380
2160,6,79,17.5,298690
2670,6,1,10.2,465486
1062,6,94,13.1,144666
2058,3,59,21.7,183481
1920,3,56,1.3,266732
2336,4,42,9,351849
2107,5,18,5.1,364970
1624,4,10,4.7,295332
1840,6,77,28.8,214870
1602,7,46,11.9,282567
2538,6,88,16.3,335516
2011,2,62,22.3,150810
2951,7,6,2.4,530710
1970,7,78,8,316051
1646,4,93,25.1,129545
1243,6,30,26,140024
1098,6,87,11.8,146716
1208,5,54,11.9,196365
2134,2,24,23,249315
2254,4,71,9.6,307946
1209,3,29,4.4,193834
2448,4,35,8.5,339413
1758,7,49,12.2,281002
2073,4,13,2.5,359825
2806,5,28,14.9,401461
2448,4,26,22.5,313931
1866,5,49,15.9,289600
1554,7,35,3.1,353091
924,5,33,13.8,141670
1640,6,20,21.6,253861
1894,3,37,2.7,279169
1506,7,74,2.7,307565
1934,5,96,11.7,204179
2038,2,78,6.7,252751
1888,7,75,28.1,217504
1675,2,87,17.9,99838
2084,3,49,9.3,272811
2221,5,36,21.4,267268
1455,7,74,11.9,203023
2705,7,18,4.8,471842
1951,3,0,7.9,328557
2009,6,80,19.6,267322
2354,2,39,2.5,298358
2117,7,54,8.9,395717
2477,4,79,7,337040
2144,2,25,6.8,308167
1694,5,42,20.8,178618
2181,3,58,24.9,230786
1428,2,50,21.8,99425
2054,4,14,19.7,298288
1983,4,7,27.6,257039
1896,3,93,2.7,264622
1936,3,13,5.9,295109
1059,2,96,13,33613
1726,5,6,11.8,281606
2046,6,17,13.1,362248
2080,4,11,7,352711
1486,3,1,5.3,276629
2633,6,49,15.8,409350
1567,6,92,27.9,88924
2485,6,20,12.4,437889
2214,5,6,2.3,433771
1677,3,90,21.5,106754
2888,4,11,9.4,461934
1403,3,83,8.1,144465
2460,2,56,10.4,313240
2500,4,77,22,260662
1665,3,73,24.7,122553
2696,4,22,18.1,373513
1875,2,29,10.4,231843
2144,7,57,10,358435
2130,4,94,4.6,336629
1933,7,51,28.1,224887
2405,6,55,19.5,323282
2397,5,9,1.8,428238
1126,2,18,20.2,78553
2652,4,18,14,406304
1169,2,86,29.2,-2390
2516,6,58,24.8,315559
2563,7,43,6,472188
1455,5,58,21.9,166630
1795,2,95,15.1,135535
1447,7,83,6.4,211273
1893,6,3,21.3,311159
1846,6,96,16.9,219920
2390,6,64,1.9,405515
2655,7,12,19.8,418197
2698,4,66,19.4,336496
1719,3,11,5.2,287915
1895,2,92,11.1,171969
1158,3,54,18,65278
1597,6,60,5,295795
2482,3,94,25.7,221817
2808,7,40,1.8,517291
1383,6,35,4,219377
1704,6,1,4.4,351972
1987,5,21,16.3,290620
2140,5,21,19,292726
1595,7,40,12.7,290822
2212,7,94,9.4,345245
1763,3,13,24.5,197848
1993,2,92,3,252772
2273,3,34,9.1,300883
2003,7,49,2.1,371737
1782,2,8,1.4,293753
1945,3,95,11.2,188099
1956,4,58,6.6,296667
1815,4,55,8.8,242892
1871,2,90,24.8,132520
2799,5,9,5.7,463643
2280,2,24,23.6,282575
1852,3,44,20.6,231543
2348,6,96,10.5,322042
1833,4,10,16.9,283636
2587,6,8,13.9,422533
2185,4,6,4.7,398372
1946,3,70,27.3,141891
2224,4,33,17.5,267275
1215,2,82,26.5,-63107
1437,6,19,24.9,186663
1403,7,88,3.3,251469
2071,6,4,7,418273
2866,3,92,5.2,372608
3116,7,54,25.1,447943
2319,6,90,26,238720
2250,3,88,16.3,221262
1099,5,14,4,251896
1729,2,47,4.9,178342
1606,4,3,24.6,195211
1690,4,77,27.9,108705
1916,4,80,6.8,280677
1764,5,20,1.3,327413
1010,2,79,10.6,69896
2374,6,89,1.9,396101
1464,6,8,25,176636
2120,2,65,15.3,213887
3037,7,78,19.6,410854
1540,2,34,12.9,191307
735,4,87,11,61631
1857,6,50,7.4,306667
2550,2,77,23.3,207897
2979,6,36,21.2,445785
1385,2,5,11.5,184125
2248,3,81,10.3,232323
1767,4,85,1,224274
1947,2,81,2.8,245591
3322,5,50,19.1,427438
1249,2,65,15.9,119852
2127,3,95,13.6,197243
2234,5,16,25,294082
2543,5,64,15.6,342551
2049,2,8,12.2,264010
2154,3,12,5.7,297925
1804,5,99,24.8,151444
2135,4,57,17.7,239564
1828,7,29,3.7,369185
2311,4,30,19.8,295081
1815,6,22,13.3,308910
2189,6,62,24.5,294869
1985,3,27,27.6,181639
2563,5,58,18.4,325009
1974,4,9,22.2,222746
1113,4,88,2.6,141913
2631,7,99,17.2,357604
1547,3,89,22.9,78876
1673,5,25,15.4,257266
1702,3,76,18.2,144710
2687,2,16,27.1,265690
932,4,39,6.7,153340
3569,3,67,3.8,504969
2528,3,22,21,314516
2112,7,34,24.9,287091
1973,2,74,25.7,120454
2143,6,75,19.6,271526
2261,4,8,25.2,280656
2323,7,78,21.3,338280
2278,3,44,3.5,355975
2045,4,36,23.1,246122
1901,6,68,6.2,302643
1924,3,18,7.9,250826
1903,2,74,12.4,173006
2567,4,72,10.1,329475
2297,7,98,10.3,329378
530,2,26,5.9,63261
2328,6,12,9.5,422703
2097,6,56,1.6,376217
1991,4,59,14.7,269209
1806,6,11,23.3,257177
2562,5,8,26,351426
2474,7,91,24.8,302979
1614,4,76,13.1,185562
2204,5,83,22.2,262255
1514,6,76,9.3,240457
1310,4,26,2.6,211084
1687,5,89,20.6,158694
2431,6,62,19.8,323325
2477,3,92,24.2,261279
2257,3,28,18.9,269550
2363,2,21,5.5,325983
2258,3,72,25.7,206771
1679,5,87,19.2,178877
2216,7,18,24.4,330815
2400,3,37,23.4,261380
2377,4,94,9.6,313360
2594,4,38,3.2,398286
2354,4,14,6.1,381711
2176,3,53,3.7,304451
2535,3,31,8.1,390844
1987,2,45,14.3,227089
1559,7,60,27.3,156072
1918,7,92,26.3,185037
1628,6,51,21.8,241404
1662,2,33,1.7,269530
1928,5,72,10.9,279491
1604,4,34,20.8,182873
1846,3,69,4.7,274363
1053,6,36,24.2,98753
2107,6,77,27.5,236443
2001,3,60,11.3,234880
1591,2,48,21.5,118393
2330,6,8,5.3,449470
2469,7,18,21,384278
1196,2,86,1.6,116628
1619,3,27,5.4,239031
1615,2,79,21.6,55655
1530,7,25,21.6,251553
2415,4,37,19.6,287109
1903,3,39,14.8,269413
1868,7,24,20.6,287547
998,3,98,23.4,20698
2318,7,68,29,238336
1380,7,70,26.8,157832
2030,6,22,24,302059
2139,6,88,21.1,273135
2680,6,64,17.7,339236
1346,4,21,4.5,224296
500,4,63,5.8,74524
2092,7,67,24.8,265817
2900,5,57,24.3,362425
2619,3,27,18.8,324619
2105,6,77,13.7,321109
1754,3,96,1.8,270522
2404,7,67,10.5,383173
1513,2,74,13.2,136060
2238,7,95,15.1,306408
2253,4,3,28,300839
2530,5,0,4.2,475335
3380,2,25,16,420411
2196,3,32,11.7,286828
1746,4,80,29.7,93078
1987,6,26,26,316008
1115,2,41,13.7,110402
1653,4,68,30,98027
1795,3,70,15.9,166254
1738,7,63,5.8,324566
2076,3,24,17.1,279923
1589,2,71,7.6,185481
2561,2,97,19.5,221301
2000,7,3,28.2,302204
1995,2,11,23.8,211522
1836,5,57,8.9,255074
2078,6,94,9.6,271065
2413,4,10,3,425075
1566,7,58,9.3,274443
1671,3,35,3.7,268278
1848,3,21,15.5,254621
1327,6,64,21.5,177337
1590,2,49,22.8,100116
1762,2,3,2.7,300256
2437,3,99,10.9,287270
2131,6,71,9.4,315665
2097,3,88,4,268833
2425,2,91,11.5,249528
1931,7,51,9.7,372468
2195,4,99,19.4,215380
1948,2,99,26.6,109210
2133,7,42,14.2,341670
1709,4,45,22.7,168434
781,5,3,5.2,161877
1933,6,12,27,285156
2711,7,37,5.4,497949
2463,5,44,6.6,386590
2483,2,24,4.1,349960
2618,6,66,10,400404
2044,7,54,17,297596
2099,2,95,29.7,107099
1691,6,38,24,190367
1842,6,64,12,276473
2308,2,74,17.7,228425
2602,2,1,19.1,355806
1930,7,68,24.9,234231
1775,6,85,22.4,182779
2000,7,61,17.5,260357
2301,6,45,20.4,340078
1278,7,76,22.6,160409
852,2,86,4.9,58055
1725,2,30,6.8,208059
1390,3,98,21,41311
1746,7,34,25.7,228636
1926,3,44,12.9,259878
1773,3,76,29.4,108729
2726,5,53,7.3,389738
2163,6,70,13.1,317169
2150,4,68,12,257867
2311,5,28,28,268328
1431,6,71,9.3,236642
2520,4,7,14.7,392979
1962,3,53,6.4,291031
2335,4,6,16.1,343240
1464,2,82,25.9,65948
1223,2,22,9.8,140660
2409,7,99,24.5,274626
2188,6,31,27.4,273565
1549,5,61,3.1,256245
1565,3,44,22.9,110364
2563,6,67,8.4,390883
1405,3,29,6.1,240405
2821,2,38,18.4,311187
1550,5,4,21.5,194555
2319,5,66,12.4,294665
1836,2,21,2.1,336911
2302,4,27,27.4,270774
1728,5,21,22.2,221828
1919,4,85,8.9,239765
2020,3,97,15.4,193576
1499,5,28,1.8,274997
2370,7,42,10.8,389021
1743,2,41,16.2,176588
1886,4,59,16,209362
1503,7,76,7,246298
719,3,70,23.5,-12742
1904,3,73,9.7,204395
3206,5,91,17.8,452986
2392,5,67,8.9,362538
1990,7,58,13.3,288504
1869,6,95,7,220635
2011,6,85,19.4,226149
2274,5,83,13.3,305011
1410,6,83,1.5,250911
2557,2,5,1.8,407273
2358,7,72,14.7,336310
2359,2,27,6.3,317214
2219,6,76,18,279003
2010,5,30,12.8,287036
2336,2,38,20,244596
2296,3,49,28.6,238908
1823,5,77,16.3,199355
1713,7,85,23.8,205028
2051,4,36,22.8,252717
2775,4,87,27.7,248925
1380,5,71,7.2,183167
1266,6,14,25,192352
2082,2,50,27.3,147541
2025,2,69,12.4,211716
2087,5,22,10.1,381297
2122,3,24,28.6,230848
1888,7,94,19.2,234958
2745,6,45,12,443356
1200,3,92,24,26999
1586,5,22,9.8,287079
1948,5,9,6.1,311751
1178,3,72,16.8,78100
1912,4,76,17.4,161983
2831,5,31,24.9,372104
2010,7,50,14.3,315574
2115,6,40,24.6,301402
1370,3,64,10,165582
1692,4,64,17.7,170823
1812,3,39,7,249507
1841,4,17,12.2,285896
2641,4,35,25.9,300329
2279,7,30,7.3,414861
1444,6,53,24.5,187490
2123,5,62,9.2,293889
2249,4,0,2,398412
2570,5,51,4.2,407422
2790,6,99,22.6,389549
1492,5,56,8.6,237033
1595,7,8,20,293976
1371,7,85,21.3,169660
1883,2,91,11,193114
2233,7,89,14.8,321585
2494,4,73,12.7,324809
1962,6,55,28.5,187923
1840,7,46,10.3,325776
2076,3,2,6.3,335633
1582,6,1,11.6,309262
3045,4,53,20.4,380218
1196,6,36,21.2,172571
2092,7,55,27.8,278666
3012,3,30,26.6,290673
2003,2,96,9.4,189026
1905,4,95,14.2,162601
1821,4,11,22.7,233616
1910,6,57,27.6,205559
2686,5,66,10.8,410191
894,5,25,13.9,143811
2767,3,77,27.1,252873
1288,2,11,11.4,183994
1867,2,89,14.9,149963
1785,6,15,27.2,226694
2294,6,52,24.3,298689
1201,5,71,8.1,201103
2231,7,48,10.4,391639
3012,2,48,11.2,398983
1318,7,91,27.5,164434
2095,2,6,30,183734
1669,7,14,23.4,244026
2213,7,35,15,364626
2010,2,71,1.3,294261
1679,3,73,21.2,113919
2244,3,14,12.3,356225
2902,6,61,19.4,368761
1905,7,17,18.6,313287
2360,7,45,14.9,377731
1353,7,60,28.4,123416
1522,7,42,1.7,305486
2236,7,43,21.7,340104
2742,5,98,12.9,377713
2178,4,65,21.7,190879
1843,7,54,20.6,263219
2000,5,85,1.3,306196
1375,3,78,9.3,143993
2302,7,38,6.5,408585
2441,3,99,5.8,272152
1774,6,4,22.1,302310
1765,4,56,7.9,272198
2133,2,14,14.8,270024
1782,4,90,8.2,206666
1967,7,15,17.8,318717
3050,7,56,21.9,380283
1876,4,99,10.6,216544
1821,4,81,18.5,195293
1676,6,98,24.9,151588
2372,3,24,3.7,371425
1909,2,21,21.6,200029
1675,4,30,10.4,232376
2661,2,33,4.6,373322
2710,4,86,16.8,313024
1700,3,15,7.6,276094
1067,2,69,24.8,34489
2504,5,58,2.2,401761
1658,3,14,3.9,254452
2395,2,81,16.1,238465
1015,4,12,18.1,170075
2446,4,23,22.2,293955
1394,3,12,8.5,232286
2365,3,64,25.4,250471
2007,4,35,28.6,195665
1523,2,48,15.5,129079
1796,5,81,23.1,184694
2343,6,47,16.2,350435
2053,3,96,3,270765
2292,4,42,10.5,371019
2988,2,5,3.5,468888
1218,3,80,29.7,-9550
2809,2,67,7.6,357415
2052,3,13,19.4,262452
1551,4,29,9.2,262705
1335,2,83,19.9,53570
1905,4,7,7.1,315126
2461,2,53,23.8,209836
1936,3,65,4.2,275314
2756,6,3,27,462504
1274,6,73,25.4,106849
1994,5,83,20.7,221705
1374,5,59,3,221339
2182,7,52,7,354404
2443,4,98,25.9,227594
1790,2,73,4.5,213320
698,5,91,5.5,38363
2099,3,14,16.8,309241
2218,6,99,9,317319
2202,2,0,7.4,334599
2618,7,21,17.7,414751
1464,6,90,11.8,198753
2340,2,92,5.1,282663
2596,5,14,16.5,400911
1111,5,73,12.2,153849
2160,4,83,22.3,235374
1748,7,21,4,401399
1959,2,49,19,173160
2174,7,47,13.7,339316
1756,3,72,12.8,194803
1662,7,50,7.7,285058
2017,5,95,1.9,285789
1456,4,16,25.6,164046
1457,5,82,10.5,202250
2340,6,90,20.8,302713
1426,5,50,28.5,117588
2333,2,36,17.4,276313
2231,4,97,12.5,259963
1137,2,48,8.8,119018
1661,3,58,28.1,94426
2597,3,9,20.8,317793
1509,5,29,20.3,209280
1768,4,84,13.4,177720
2231,7,20,25.5,291584
2392,4,33,21.7,296637
1874,4,72,9.2,272178
1701,4,97,18.4,90351
2711,5,49,13.5,384533
2869,2,75,1.2,402966
2489,5,46,24.4,268839
2043,7,84,4.6,335322
1596,2,83,15.8,94648
1585,7,5,10.8,298820
2261,6,49,10.9,347537
2209,6,99,14.8,255699
2701,2,62,29.9,209426
2325,5,11,12.8,372384
1248,7,40,6.3,300374
2526,7,30,18.8,410078
1501,3,1,7.9,265094
1808,7,15,4.1,391843
2125,5,0,2.5,392539
2998,3,3,1.7,504574
3555,5,46,13.5,541679
2303,4,64,13.4,311196
1908,7,51,6.4,347247
2267,4,46,23.7,265806
2444,6,98,4.7,414087
1840,6,76,27.5,199018
2898,2,49,18,329139
2115,7,44,1.8,402770
2249,3,41,28.9,190617
2333,4,94,9.9,333234
2211,5,83,14,310450
2419,7,55,9.2,403366
1691,2,70,22.1,156701
1721,5,56,15.1,239352
1450,4,32,4.8,232677
2220,7,27,4,443982
2389,4,43,22,293214
2229,7,55,7.9,396713
2837,7,43,5,470225
1997,4,83,15.5,202957
2334,4,95,24.3,243524
1454,5,72,9.1,234562
1806,2,33,9,261187
2348,4,13,25.2,337625
2425,6,67,5.3,401794
1853,2,28,18.9,205669
1964,6,78,28.7,174889
1241,5,16,25.4,131560
1821,4,82,2.8,217494
2445,2,8,10.3,340962
2288,4,26,5.1,330326
2250,7,48,28.5,308529
2025,4,78,29.6,165539
2004,2,36,7.8,224932
1670,4,27,20.4,197572
2349,4,49,25.4,295729
2210,3,54,7.8,296176
2246,3,3,6.4,341720
1737,2,84,1.3,174212
923,2,97,12.9,-18348
2549,7,18,27.1,379580
1761,7,36,27.2,223478
1569,4,3,4.7,281749
2347,6,36,6.9,392785
1804,2,50,12.8,193627
2530,4,31,23.6,285761
2309,6,44,18.7,334879
2342,3,11,15.9,292305
1317,7,40,18.2,191606
2606,2,55,3.8,377163
2131,4,79,14.9,253857
1815,3,13,29.8,184169
2072,5,53,3.6,382937
1112,3,62,16.1,83299
2204,4,64,9.6,299209
1485,7,57,16.7,217223
1324,6,95,17.6,126478
1239,5,20,17.7,156878
2556,5,3,25.7,353563
1685,7,72,12.3,266393
2767,5,45,16,398374
1732,2,85,1.3,209518
1146,4,11,23.9,139987
1442,5,29,8.5,245224
2618,3,93,24.7,228099
1922,6,95,8.7,251250
1726,4,59,1.3,242335
2080,7,99,5.5,354759
2251,3,70,29.6,165729
2559,2,80,10.3,273920
2724,5,64,4.2,415507
1820,3,13,4.4,292230
1337,4,43,10,220317
1793,3,25,2.1,286969
2130,2,90,15.8,243023
1518,6,15,7.2,298000
1521,5,6,16.1,283054
2172,4,31,5.1,367252
1976,5,88,13.5,248243
2016,5,94,18.3,248319
1621,7,15,2.8,376567
1885,5,77,12.6,255595
1538,3,88,9.8,200168
2445,3,61,8,315945
2518,6,29,18.5,356088
1077,2,70,18.1,27673
1535,4,11,19.3,237881
1252,3,66,5.6,182738
1675,5,90,9.3,204315
1958,2,45,7.1,206246
1275,4,82,16.7,101787
1539,4,42,14.4,176741
1498,4,54,10.6,187932
2104,4,44,23.8,211485
2035,6,59,3.7,315384
1639,4,70,29.3,147174
2088,2,79,4.4,238689
1727,3,31,23.4,199157
1864,2,7,11.7,249805
2837,5,76,26.1,296430
2670,7,61,3.2,473961
1350,6,74,11.9,181376
2415,6,19,10.7,405449
2406,5,17,29.8,297745
1426,2,5,29.6,84731
2409,2,83,6.5,253464
2769,5,95,19.3,322977
1439,7,28,16.5,264437
1541,4,3,5.5,262771
2509,4,70,5.9,360076
2136,3,42,29.7,220031
2276,2,83,14.1,225920
2170,2,33,4.6,311025
2195,5,99,7.2,295262
1337,5,70,8.8,172957
2524,4,32,15.8,327599
2585,2,14,10.7,340280
1885,2,95,14.2,164183
1978,6,85,5.8,317754
1234,3,39,10.5,169893
2257,3,92,3,283802
2286,4,88,26.8,222762
1969,7,4,6.8,403664
2562,2,77,23,233991
1833,6,49,11.1,223472
2282,2,98,14.8,194210
1490,5,65,9.4,180870
1988,4,88,21.2,196791
1913,7,53,25.5,248365
2113,3,79,9.3,229949
1815,2,45,8,233251
1934,7,79,20.8,218861
2413,4,10,6.7,377781
1782,3,48,19.6,167261
1197,2,98,3.7,113617
2875,6,22,19,462288
2691,4,54,15.9,338445
1354,2,4,4.3,244013
2345,3,63,19.8,250556
1749,3,34,14,223249
2132,6,92,7.3,310004
2147,4,68,11.2,273880
1883,4,53,15.3,241851
1608,7,2,3.7,375749
1655,2,5,28.8,121664
1542,7,86,20.3,179993
1584,3,55,4,256131
1966,3,1,24.9,233190
1642,6,81,10.4,239281
2341,6,93,18.3,309963
2744,4,37,9,399333
1710,7,55,22.3,229473
2120,3,4,22,280456
2250,2,45,17,272208
2236,5,10,8,338163
2038,2,64,8.4,225176
2371,6,9,12.1,386219
2241,2,40,5.2,307665
1381,3,43,10.8,151762
2435,7,89,20.8,325237
2444,4,32,25.1,292522
1618,7,90,10.6,257313
2019,5,55,7.8,328035
2342,4,11,25.1,308098
1895,5,1,26.8,242434
2536,5,0,12.9,418106
3182,3,64,1.8,455172
1607,3,32,21.2,135987
1309,6,85,23.7,131813
2152,6,75,1.5,358492
2361,5,35,18.3,297785
1885,7,20,18.1,323111
2727,6,83,12,381603
1331,3,35,22.7,69692
2346,6,25,13.4,352408
1697,5,46,20.6,191416
2860,4,94,16,339182
2996,7,0,8.2,564172
1617,7,37,18.6,267634
1725,2,13,22.4,185989
2430,6,89,29.2,248566
1806,7,45,12,340294
1977,3,41,2.9,315243
2013,4,6,29.7,232090
1040,3,54,19.1,77904
1993,6,55,28.4,213746
1655,5,75,4,252071
1753,2,62,10.9,144782
2722,2,23,4.9,393117
1372,4,82,25.2,112811
2407,7,72,26.5,299308
1861,7,98,15.5,245522
1860,7,3,6.4,403932
2395,2,41,4.7,342002
2170,5,95,18.1,224490
2285,7,69,15.7,335845
2484,3,27,21.1,277165
1834,7,91,9.9,278569
1694,5,39,12.7,234984
1457,4,50,1.6,259082
1587,4,28,18.7,186419
3475,2,41,13.3,437332
2622,5,68,27.7,284728
1324,3,4,19.6,163918
1339,5,40,12.6,173858
2241,3,60,8.6,282494
2274,3,54,27.3,212882
2274,5,27,1.5,433575
1873,6,40,10.5,257902
1937,5,8,28.4,253086
2164,3,28,20,249085
2043,7,77,16.4,277306
890,4,37,6.9,128417
1885,4,61,25.2,168648
1574,2,53,6.9,200952
2088,4,51,8.2,290408
3493,6,33,6.6,611248
2184,3,36,5.6,336107
1843,5,48,28.6,189214
2461,5,41,18.5,332519
2241,6,13,19.5,369512
2210,4,81,28.7,213850
2303,3,32,7.7,311853
3028,4,97,1.2,417345
1435,2,91,18.4,85038
2237,4,99,15.7,256619
1537,2,86,14.9,104255
2278,5,16,2.8,396842
1541,3,74,14.2,147778
1791,7,31,9.3,360535
1852,2,78,9,195877
2488,4,67,7.4,323662
2459,4,38,10.6,359859
1377,5,93,11.2,173022
2027,6,9,10,363320
1645,7,86,29.4,179026
1371,6,23,28,179683
1891,4,99,17.7,175185
1846,6,57,29.5,193474
3213,7,68,29.7,368445
2216,7,63,11.3,377065
1311,3,18,13.9,162536
1718,6,7,28.8,218579
2511,3,70,18.7,262356
3044,4,39,7.2,470892
1207,4,12,21,121517
1060,4,26,7,158489
2935,5,81,10.8,404065
2195,6,87,7.6,311695
1566,2,1,8.1,240061
2267,7,15,1.1,447624
682,2,13,26.5,28517
2002,4,16,9.6,330204
2164,6,59,3.5,381680
2462,3,69,3.5,330608
1493,2,98,17.1,128449
2043,4,16,29.8,212673
1537,2,44,5.2,186289
2128,2,37,3.9,316843
1552,7,63,13.7,245200
1796,2,5,17.3,201342
1502,4,59,9.5,242546
2326,7,48,9.8,411482
2429,4,20,13.3,357915
1883,5,98,10.1,281875
2019,5,22,27.5,259360
1276,5,75,2.2,205034
1850,2,56,7.8,268140
1975,6,63,24.4,244174
3310,4,28,25.2,434940
1444,5,26,4.2,261700
2732,6,5,29.2,379606
2498,5,20,21.1,341014
2140,5,70,8.9,335316
2879,6,40,14.2,408583
2186,5,79,9.6,328140
2195,2,4,5.4,320887
1973,2,14,9.4,273637
2612,7,20,17.8,416750
2548,2,57,25,230067
1687,3,3,11.5,266158
1340,7,68,11.1,217507
1899,5,6,14.6,292562
1600,3,34,19.7,170616
1968,4,35,22.8,212330
2619,6,14,10.5,435666
1771,4,91,18,134736
1979,3,1,12.3,285325
2029,2,56,21.8,189358
2424,5,4,5.8,431497
877,7,70,8.5,195530
1697,5,85,13.4,254975
2106,2,94,26.8,118597
2600,5,31,17.6,354207
1754,6,71,29,189721
1062,6,40,4,225987
2310,6,41,14.3,376470
1682,4,74,13.2,200558
1405,2,64,18.4,90858
1688,6,39,24.5,207666
1908,3,82,25.4,145806
1698,6,37,20.4,231244
897,7,41,19.6,159950
2449,4,36,28.5,242624
2637,3,55,12.1,364264
2326,2,70,25.2,155643
1431,2,54,27.7,64958
1899,7,88,15.3,253994
1997,6,53,22.1,225464
2299,3,21,11.9,283041
2334,7,26,5.6,414138
1633,3,46,18,169808
2041,6,37,6.7,343618
2229,6,38,14.3,324125
2728,5,14,26.3,390665
2352,5,65,3.5,345722
2395,6,60,1.9,423349
2042,4,59,18.6,216568
2705,7,7,10.6,463324
2205,5,43,13.1,310054
1569,6,42,12.8,261989
2702,3,5,3.5,415263
2349,7,83,1.1,409575
1778,5,26,27.1,186285
1760,4,44,7.3,247842
2148,7,22,13.4,381475
2232,7,80,29.2,292279
2099,2,12,25,199696
2156,3,67,4.1,310096
2850,4,83,15.7,339507
2536,4,63,22.2,277009
2095,4,24,21.3,285458
2471,3,85,23.1,213406
1484,4,51,14.3,157148
2199,2,47,6.1,301539
2905,5,60,14.5,435187
1891,3,16,19.8,243703
1576,4,39,18.6,156041
1674,6,74,3,269561
1455,5,88,2.9,235451
1608,7,68,29,199803
1815,3,84,5.4,225774
1297,6,25,9.5,230302
2008,7,79,23.3,278785
2451,6,55,12.9,366776
1546,4,39,6.3,229490
2760,3,84,14.5,301699
2255,4,95,17.5,211911
2515,7,67,14.1,436314
1671,2,7,27.6,173834
2427,6,72,9.3,352682
1454,2,44,20.2,147848
2445,7,16,4.3,480152
2086,4,40,12.4,300489
2277,5,76,22.5,238691
1412,6,8,7.5,275949
1552,5,69,18.1,172504
2299,3,90,5.4,248233
1526,6,23,4,296246
2232,2,72,16.2,221962
1316,5,10,20.6,210778
2424,7,34,4.3,435844
1384,3,28,27.6,117726
2276,6,7,7.5,375476
2313,7,16,4.5,471867
1652,3,70,6.9,185344
2291,2,11,5.9,345669
2130,7,78,3.6,371512
1731,6,92,24.1,171104
1496,3,49,15.4,156370
1019,4,23,12.3,123637
2175,6,36,28.6,249592
1218,6,77,11.8,186772
2048,6,10,5.8,375992
1868,6,98,8.9,255439
2340,4,80,7.9,281444
1849,7,58,15.5,299201
1835,7,54,9.5,287634
2366,7,26,16,407381
2168,2,66,20.4,175828
2158,4,59,23.5,247294
2235,4,1,21.6,306426
1232,3,67,7,131846
2378,5,17,4.4,449962
2306,7,19,16.7,381903
1492,5,84,6.8,198670
1878,3,62,3.5,280561
1980,4,77,16.3,189014
1933,3,71,10.5,175984
2167,6,1,22.9,352557
2716,3,89,10.1,311069
2541,3,82,29.4,229511
1344,6,41,23,166521
2311,5,27,2.7,383010
2664,6,28,15.8,425029
2193,2,68,17.3,206227
2545,3,27,21.2,287458
3006,3,59,15.4,353714
2512,5,89,15,278022
2125,4,4,11.7,344408
2523,6,14,8.9,421312
2072,4,72,28.4,175973
2012,2,31,10.2,256107
1824,6,51,2.8,309617
2782,2,89,5.9,308542
1591,2,36,25.9,163987
2766,2,14,18,349895
2250,7,40,23.6,356034
1300,6,3,24.5,213077
2184,6,52,24.9,264781
950,7,99,17,102278
2313,5,83,6.1,336269
2443,7,26,5.3,490783
1704,3,20,17.6,223942
2062,4,59,11.6,255976
2977,4,85,17.2,362677
1747,2,63,15.5,177876
1471,6,70,18.5,154757
2741,6,46,1.9,485352
2981,2,53,2,451342
2002,3,30,21.9,203496
2506,4,16,6.6,392470
2671,7,49,19.9,415251
1629,5,6,16.9,246975
1757,3,82,29.5,74602
2615,6,27,25.2,376827
2843,2,9,13,404009
2281,4,26,18.9,303724
1560,2,12,4.4,262499
2994,6,65,12.2,466916
1735,2,85,22.3,102107
1832,7,83,19.1,276064
2171,4,59,15,303095
2777,2,42,6.1,344279
2427,4,68,24.3,233990
2207,2,62,8.9,219400
2232,2,69,24.8,175283
2022,4,98,18.7,167356
2279,7,64,11.8,342528
735,2,98,2.2,63207
1852,7,66,7.7,277957
2121,3,53,26.8,193779
1424,5,35,24.7,157541
2193,3,70,17.7,228973
1898,5,92,14.5,222663
2878,3,14,19.8,334179
2787,5,74,14.5,355179
1767,2,17,19.7,220500
1925,4,3,9.9,292176
1963,4,87,25.3,194204
1774,6,10,21.4,241211
2098,5,5,10.6,326240
1621,6,50,25.1,168647
1435,7,57,15.1,245121
2311,7,59,6.1,386458
2315,6,17,3.3,440855
1598,5,78,21.3,156706
2448,4,66,26.1,249620
1684,5,16,24.4,240035
2127,7,96,20,278348
2410,2,33,5.1,320168
1983,6,29,3.7,364331
2227,6,18,11,415945
1742,7,8,25.8,270697
1902,5,39,28.9,171656
1897,6,43,8,292822
1627,4,94,23.1,132306
1912,6,58,17.6,274580
1226,5,90,1.9,165814
1754,7,24,16.7,310393
1858,4,70,24.4,198761
1872,4,52,9,292906
1879,6,47,27,251856
1969,5,70,7.9,297220
2240,6,83,3.2,353316
2437,2,52,5.6,317348
1675,7,48,25.3,216554
1398,2,42,13.1,124730
1479,4,99,24.1,75104
1756,6,18,16.4,308933
1824,2,65,14.9,141743
1615,3,33,24.4,116434
1352,2,80,13.3,112996
1772,6,87,24.3,170493
2091,6,72,3.9,303498
2298,7,53,19.5,333135
1721,2,0,21.4,187236
1794,6,91,27.1,154034
1537,6,54,7.5,272685
1984,7,14,18.5,304366
1576,7,84,13.6,224805
2287,7,14,12.1,404263
1107,7,22,4.1,264343
1820,3,65,4.9,208920
2151,4,45,25.3,220767
2092,6,99,22.7,221469
3347,5,8,12.1,544361
2175,7,65,25,313032
1498,4,65,3.3,239104
1952,7,17,19.1,329471
1112,4,16,26.2,125325
1960,5,71,25.3,190243
1583,2,97,11.8,152546
2458,3,33,22.6,304981
1725,6,68,13.4,234884
1942,2,63,25.4,179902
1682,5,43,16.4,236311
2869,3,28,23.2,390369
1839,3,61,3.3,264578
2916,3,91,18.1,304649
2407,5,15,17,345919
2241,7,77,18.7,298594
2184,7,51,21.2,299361
2197,7,1,27.6,355837
1036,2,60,23.8,15921
1861,6,3,7.4,326956
2423,3,51,25,251892
1976,3,40,4.5,296141
1297,2,51,19,79020
1974,7,30,26.6,278422
2852,3,25,3.9,442263
2623,3,26,25.6,311987
1969,5,50,24.2,236049
2476,4,97,15.6,283609
1817,2,94,10,142745
1148,2,47,12.8,143801
1538,7,10,29.1,184090
2781,2,7,6.8,413396
1863,7,11,17.8,297519
1878,5,98,3.4,274603
1850,5,44,7.3,299686
2952,6,33,23.1,410754
2813,7,76,9.8,467426
3109,5,90,29.6,350642
1920,7,71,15.5,272911
2148,2,46,16,252356
1242,6,20,2.1,307280
2738,4,40,28.7,329101
1416,3,74,6.1,165428
2108,3,21,16.6,240393
1451,6,20,12.5,261822
1706,7,27,13.1,316947
1581,7,66,19.7,197534
1696,7,70,20.2,223857
1730,4,13,5.5,297536
1726,3,78,15.5,191194
2417,6,72,23.9,327957
1448,7,51,13.9,260363
2110,5,42,5.8,343788
2609,2,70,10.1,333885
1743,4,75,7.2,243691
1641,7,18,4.6,343415
1885,3,26,11.9,298809
2590,2,17,16.7,313283
2097,6,12,3.1,419087
1734,7,0,18.5,324396
2242,3,84,29.8,157552
1449,2,33,29,90713
2341,5,12,25,332782
2204,4,50,8.7,321919
1846,6,86,1.6,312115
1581,3,0,25.2,173351
1557,5,86,2.6,250370
2267,4,27,7,353716
2614,4,31,16.8,350992
1681,5,71,6.2,250748
2229,3,54,25.2,238153
956,4,25,23.5,45838
1708,6,13,22.9,230380
1984,2,87,24.7,172847
1545,6,92,7.4,228421
1532,7,67,22.1,183932
1666,4,62,11.3,227298
2146,2,81,20.3,163521
1906,5,13,4.5,308201
881,2,26,21.5,45919
940,2,40,29.2,-19624
1697,2,2,2.3,283191
2229,4,93,3.7,309309
626,7,58,4.6,155852
1750,7,99,13.5,201909
1737,3,22,9.4,251894
2694,7,17,24.4,414014
1807,4,73,14.7,176423
2191,3,75,15.1,208083
2071,5,40,21.8,240243
935,5,7,11.5,190657
2384,5,31,11.2,330434
2108,5,80,23,237996
2254,5,40,23.6,287855
3963,6,44,1.4,658230
958,4,77,5.2,91229
2862,3,8,7.2,429524
1856,5,89,11.2,249097
2144,6,47,9.5,372424
1977,7,23,20.4,291024
1788,6,86,25,199940
1715,6,94,6.6,264127
2165,4,43,17.3,274944
1241,5,57,11.7,156122
2375,6,65,15.7,321328
1792,6,17,19,313234
1435,5,79,26.9,105242
1775,4,28,6.6,311964
2629,6,74,3.5,427501
1732,3,1,19.2,213850
2179,2,77,12.4,239417
1635,7,67,5.7,332714
2379,2,97,4.4,264984
2343,2,38,17.2,285649
2924,4,72,9.7,401888
1912,6,40,29.9,188216
2334,2,70,12.8,226856
2049,2,80,7.2,222534
2648,7,86,19.2,361957
1641,5,74,8.1,249238
2373,6,21,15.3,346815
1903,6,81,15,262478
1968,7,48,14.2,314052
2046,5,27,24.1,259515
2126,6,15,7.3,399281
1942,3,67,27.2,183080
2107,7,61,23.9,281432
2789,4,35,10.7,382921
2493,5,21,6.2,417980
2435,7,10,9.1,466697
1772,2,84,10.6,186303
1555,6,79,17.2,201868
2478,3,41,2.3,368724
2438,3,54,27.5,206765
2736,4,72,3.9,410933
1698,7,34,9.1,290922
1885,3,56,4.2,279797
1180,7,33,8.4,255687
1804,6,72,25.3,182748
2498,6,76,18.8,322293
1767,3,69,7.6,222025
2320,6,3,26.3,321335
1905,7,45,24.2,231975
2162,6,91,22.9,238241
1426,2,10,25.6,117317
2043,7,97,19,281762
504,5,60,15.5,22317
1907,6,34,11.8,334132
1185,6,68,7.5,169327
2603,7,56,17.2,361733
2389,4,10,26.8,288312
2233,5,11,18.2,314055
2761,5,42,27.7,306560
1526,5,18,11.4,292965
2874,3,76,21.2,300224
2466,2,67,19.8,290084
1882,2,77,20.4,123151
2568,4,58,19.7,274469
1447,5,1,7.4,304714
1588,5,7,5.2,290808
1696,6,21,29.4,209232
1736,7,76,2.3,285646
1472,3,20,14.6,187174
2612,3,84,13.3,273662
1871,4,91,11.4,210905
2176,2,96,23.7,142572
1715,5,28,22.6,220753
1090,7,85,27.3,94711
2135,4,89,12.5,253730
1044,3,74,17.4,64796
1966,3,74,26.9,144287
1316,3,97,29.8,2562
2994,5,82,29.1,330900
2456,5,36,21.8,321036
2053,5,77,5.2,303697
2632,6,28,1.7,486371
1577,2,82,24.9,49205
2272,3,36,25.4,266417
2100,3,20,22.6,236776
2132,6,87,9.1,309696
2636,3,89,19.6,267763
2366,3,11,10.2,366136
2144,5,47,14.1,311094
1173,5,82,12.1,132432
1520,2,46,27.5,113494
1939,3,93,7.8,154777
2047,4,14,17.8,309103
1435,3,66,11.5,170297
3206,3,12,20.2,391014
2758,2,58,17.4,327454
2301,4,72,27.8,235351
2036,3,12,3.9,344904
1894,7,79,7.4,276910
1524,7,77,23.2,189139
2039,4,71,11.7,276481
2129,7,18,5.8,400849
1379,5,56,15.6,181709
2167,5,31,19.9,287438
